Title,Media URL,Pinterest board,Thumbnail,Description,Link,Publish date,Keywords
"DIY Pottery Sink Set: Sponge Holder, Soap Dish and Brush Holder Template",https://hamza123kha-sudo.github.io/pins/sinkset/pin-01.jpg,Slab Pottery Templates,,"Make a matching slab-built sink set with printable pottery templates: sponge holder, two-piece soap dish and brush holder. Exact cut patterns with 12% shrinkage built in, sizes in cm and inches, A4 and US Letter PDF.",https://www.etsy.com/listing/4590819655/pottery-template-sink-set-sponge-holder,2026-10-09T15:40:00,"pottery template, slab pottery, handbuilding, sponge holder, soap dish, ceramic template"
Slab-Built Sponge Holder Pottery Template,https://hamza123kha-sudo.github.io/pins/sinkset/pin-02.jpg,Slab Pottery Templates,,"Printable pottery template for a slab-built sponge holder with a front drain arch, drain holes and feet so the sponge dries between uses. Fired size about 14 x 5 cm. Part of a 3-piece sink set.",https://www.etsy.com/listing/4590819655/pottery-template-sink-set-sponge-holder,2026-10-09T22:10:00,"pottery template, slab pottery, handbuilding, sponge holder, soap dish, ceramic template"
Two-Piece Pottery Soap Dish Template: Soap Stays Dry,https://hamza123kha-sudo.github.io/pins/sinkset/pin-03.jpg,Slab Pottery Templates,,"A slotted plate rests on a tray that catches the water, so the soap never sits in a puddle. Printable slab pottery template with fired sizes and a step-by-step guide.",https://www.etsy.com/listing/4590819655/pottery-template-sink-set-sponge-holder,2026-10-10T15:40:00,"pottery template, slab pottery, handbuilding, sponge holder, soap dish, ceramic template"
Printable Pottery Templates: Exact Cut Patterns,https://hamza123kha-sudo.github.io/pins/sinkset/pin-04.jpg,Slab Pottery Templates,,"Every piece printed at full size and labelled with its name, how many to cut and its size in mm and inches. 50 mm print-check bar on every page. A4 and US Letter.",https://www.etsy.com/listing/4590819655/pottery-template-sink-set-sponge-holder,2026-10-10T22:10:00,"pottery template, slab pottery, handbuilding, sponge holder, soap dish, ceramic template"
How to Make a Slab Pottery Sponge Holder (4 Steps),https://hamza123kha-sudo.github.io/pins/sinkset/pin-05.jpg,Pottery for Beginners,,"1. Print the template at 100%. 2. Cut base, walls and feet from a 6 mm slab. 3. Score, slip and join the walls. 4. Add feet, dry slowly and fire. Full template PDF on Etsy.",https://www.etsy.com/listing/4590819655/pottery-template-sink-set-sponge-holder,2026-10-11T15:40:00,"pottery template, slab pottery, handbuilding, sponge holder, soap dish, ceramic template"
No Wheel Needed: Beginner Slab Pottery Project,https://hamza123kha-sudo.github.io/pins/sinkset/pin-06.jpg,Pottery for Beginners,,"Make a matching pottery sink set with printable templates. Sponge holder, soap dish and brush holder from clay slabs, with fired sizes and a step-by-step guide.",https://www.etsy.com/listing/4590819655/pottery-template-sink-set-sponge-holder,2026-10-11T22:10:00,"pottery template, slab pottery, handbuilding, sponge holder, soap dish, ceramic template"
Handmade Ceramic Brush Holder Template,https://hamza123kha-sudo.github.io/pins/sinkset/pin-07.jpg,Slab Pottery Templates,,"Slab-built brush holder with a drain hole and three feet, about 7.5 cm wide and 11 cm tall when fired. Part of a printable 3-piece pottery sink set.",https://www.etsy.com/listing/4590819655/pottery-template-sink-set-sponge-holder,2026-10-12T15:40:00,"pottery template, slab pottery, handbuilding, sponge holder, soap dish, ceramic template"
Slab Pottery Sink Set Template (Printable PDF),https://hamza123kha-sudo.github.io/pins/sinkset/pin-01.jpg,Handbuilding Pottery Ideas,,"Three functional handbuilding projects in one PDF: a sponge holder with drain arch and feet, a soap dish with slotted plate and water tray, and a brush holder. Print at 100%, trace, cut and build.",https://www.etsy.com/listing/4590819655/pottery-template-sink-set-sponge-holder,2026-10-12T22:10:00,"pottery template, slab pottery, handbuilding, sponge holder, soap dish, ceramic template"
How to Make a Ceramic Sponge Holder With Slabs,https://hamza123kha-sudo.github.io/pins/sinkset/pin-02.jpg,Pottery for Beginners,,"A beginner-friendly handbuilding project: a pottery sponge holder that drains. Full-size template pieces, fired sizes in cm and inches, and clear building steps in the PDF.",https://www.etsy.com/listing/4590819655/pottery-template-sink-set-sponge-holder,2026-10-13T15:40:00,"pottery template, slab pottery, handbuilding, sponge holder, soap dish, ceramic template"
Slab Soap Dish Pattern With Drain Plate,https://hamza123kha-sudo.github.io/pins/sinkset/pin-03.jpg,Handbuilding Pottery Ideas,,"Handbuild a two-piece ceramic soap dish from clay slabs. Exact cut patterns, 12% shrinkage built in, sizes in cm and inches. Part of a matching sink set.",https://www.etsy.com/listing/4590819655/pottery-template-sink-set-sponge-holder,2026-10-13T22:10:00,"pottery template, slab pottery, handbuilding, sponge holder, soap dish, ceramic template"
Slab Building Templates That Print at the Right Size,https://hamza123kha-sudo.github.io/pins/sinkset/pin-04.jpg,Handbuilding Pottery Ideas,,"Print at 100%, check the bar, trace and cut. Pottery template PDF for a sponge holder, soap dish and brush holder with a step-by-step building guide.",https://www.etsy.com/listing/4590819655/pottery-template-sink-set-sponge-holder,2026-10-14T15:40:00,"pottery template, slab pottery, handbuilding, sponge holder, soap dish, ceramic template"
Sponge Holder Slab Building Tutorial,https://hamza123kha-sudo.github.io/pins/sinkset/pin-05.jpg,Handbuilding Pottery Ideas,,"Step-by-step: how the base, walls and feet of a slab sponge holder fit together. Template pieces and a full guide in the printable PDF.",https://www.etsy.com/listing/4590819655/pottery-template-sink-set-sponge-holder,2026-10-14T22:10:00,"pottery template, slab pottery, handbuilding, sponge holder, soap dish, ceramic template"
Handbuilt Pottery Ideas for the Kitchen,https://hamza123kha-sudo.github.io/pins/sinkset/pin-06.jpg,Handbuilding Pottery Ideas,,"Functional slab pottery for your sink: sponge holder, two-piece soap dish and brush holder. Printable templates, A4 and US Letter.",https://www.etsy.com/listing/4590819655/pottery-template-sink-set-sponge-holder,2026-10-15T15:40:00,"pottery template, slab pottery, handbuilding, sponge holder, soap dish, ceramic template"
Slab Pottery Brush Holder for the Kitchen Sink,https://hamza123kha-sudo.github.io/pins/sinkset/pin-07.jpg,Handbuilding Pottery Ideas,,"Make a simple, matching dish brush holder from clay slabs. Full-size template pieces and building steps in the PDF.",https://www.etsy.com/listing/4590819655/pottery-template-sink-set-sponge-holder,2026-10-15T22:10:00,"pottery template, slab pottery, handbuilding, sponge holder, soap dish, ceramic template"
Handmade Kitchen Sink Set You Can Build From Clay Slabs,https://hamza123kha-sudo.github.io/pins/sinkset/pin-01.jpg,Pottery for Beginners,,"A calm, useful pottery project for your kitchen sink. Full-size slab templates and a step-by-step guide for a sponge holder, soap dish and brush holder. No wheel needed.",https://www.etsy.com/listing/4590819655/pottery-template-sink-set-sponge-holder,2026-10-16T15:40:00,"pottery template, slab pottery, handbuilding, sponge holder, soap dish, ceramic template"
Pottery Sponge Holder Pattern for Your Kitchen Sink,https://hamza123kha-sudo.github.io/pins/sinkset/pin-02.jpg,Handbuilding Pottery Ideas,,"Keep the sponge dry and the counter clean with a handmade ceramic sponge holder. Slab template with drain arch and feet, A4 and US Letter.",https://www.etsy.com/listing/4590819655/pottery-template-sink-set-sponge-holder,2026-10-16T22:10:00,"pottery template, slab pottery, handbuilding, sponge holder, soap dish, ceramic template"
Easy Clay Soap Dish Project for Beginners,https://hamza123kha-sudo.github.io/pins/sinkset/pin-03.jpg,Pottery for Beginners,,"Flat slabs, straight seams and a clear guide: a two-piece soap dish is a great first slab-building project. Printable pottery template PDF.",https://www.etsy.com/listing/4590819655/pottery-template-sink-set-sponge-holder,2026-10-17T15:40:00,"pottery template, slab pottery, handbuilding, sponge holder, soap dish, ceramic template"
What's Inside a Good Pottery Template PDF,https://hamza123kha-sudo.github.io/pins/sinkset/pin-04.jpg,Pottery for Beginners,,"Labelled full-size pieces, finished sizes after firing, shrinkage built in and a clear guide for every piece. Slab-built sink set templates.",https://www.etsy.com/listing/4590819655/pottery-template-sink-set-sponge-holder,2026-10-17T22:10:00,"pottery template, slab pottery, handbuilding, sponge holder, soap dish, ceramic template"
Beginner Handbuilding Project: Ceramic Sponge Holder,https://hamza123kha-sudo.github.io/pins/sinkset/pin-05.jpg,Slab Pottery Templates,,"A simple slab project with a real use at the sink. Printable pottery template with drain arch, drain holes and feet.",https://www.etsy.com/listing/4590819655/pottery-template-sink-set-sponge-holder,2026-10-18T15:40:00,"pottery template, slab pottery, handbuilding, sponge holder, soap dish, ceramic template"
Pottery Without a Wheel: Printable Slab Templates,https://hamza123kha-sudo.github.io/pins/sinkset/pin-06.jpg,Slab Pottery Templates,,"Slab building lets you make useful pottery at home. Exact cut patterns for a three-piece sink set, 12% shrinkage built in.",https://www.etsy.com/listing/4590819655/pottery-template-sink-set-sponge-holder,2026-10-18T22:10:00,"pottery template, slab pottery, handbuilding, sponge holder, soap dish, ceramic template"
Easy Slab Cylinder Project: Pottery Brush Holder,https://hamza123kha-sudo.github.io/pins/sinkset/pin-07.jpg,Pottery for Beginners,,"Two wall halves, a round base and three feet: an easy cylinder project for beginners. Printable pottery template PDF.",https://www.etsy.com/listing/4590819655/pottery-template-sink-set-sponge-holder,2026-10-19T15:40:00,"pottery template, slab pottery, handbuilding, sponge holder, soap dish, ceramic template"
